test_helloWorld,passed
test_helloWorld,passed
test_helloWorld,passed
test_aboutUs,passed
test_contactUs,passed
test_helloWorld,passed
test_aboutUs,passed
test_helloWorld,passed
test_aboutUs,passed
test_helloWorld,passed
test_aboutUs,passed
test_helloWorld,passed
test_aboutUs,passed
test_helloWorld,passed
test_aboutUs,passed
test_helloWorld,passed
test_aboutUs,passed
test_contactUs,failed
test_helloWorld,passed
test_aboutUs,passed
test_helloWorld,passed
test_aboutUs,passed
test_helloWorld,passed
test_aboutUs,passed
test_contactUs,passed
test_helloWorld,passed
test_aboutUs,passed
test_helloWorld,passed
test_aboutUs,passed
test_contactUs,passed
test_helloWorld,passed
test_aboutUs,passed
test_contactUs,passed
test_helloWorld,passed
test_aboutUs,passed
test_contactUs,passed
